F***.,IT,,,,1 piece,03 Apr 2018 07:56
P***.,US,,,,1 piece,01 Apr 2018 20:22
K***.,US,,,,1 piece,30 Mar 2018 19:28
P***.,NL,,,,1 piece,30 Mar 2018 13:09
L***.,PE,,,,1 piece,30 Mar 2018 11:48
O***.,TR,,,,1 piece,29 Mar 2018 08:23
Y***.,RU,,,,1 piece,28 Mar 2018 13:35
M***.,NZ,,,,1 piece,27 Mar 2018 18:59
D***.,IT,,,,1 piece,27 Mar 2018 02:35
A***.,RU,,,,1 piece,25 Mar 2018 20:01
C***.,BR,,,,1 piece,25 Mar 2018 14:10
E***.,IT,,,,1 piece,18 Mar 2018 09:35
S***.,US,,,,1 piece,11 Mar 2018 07:10
Z***.,IL,,,,1 piece,11 Mar 2018 04:43
B***.,ES,,,,1 piece,10 Mar 2018 15:16
G***.,RU,,,,1 piece,10 Mar 2018 07:56
E***.,IT,,,,1 piece,10 Mar 2018 07:12
A***.,FR,,,,1 piece,08 Mar 2018 15:03
A***.,RU,,,,1 piece,08 Mar 2018 12:09
F***.,IT,,,,1 piece,07 Mar 2018 03:24
R***.,NL,,,,1 piece,06 Mar 2018 03:27
L***.,RU,,,,1 piece,05 Mar 2018 12:14
V***.,RU,,,,1 piece,03 Mar 2018 01:38
F***.,TR,,,,1 piece,02 Mar 2018 05:10
E***.,US,,,,1 piece,28 Feb 2018 14:32
J***.,ES,,,,1 piece,22 Feb 2018 08:05
J***.,ES,,,,1 piece,18 Feb 2018 09:18
J***.,NZ,,,,1 piece,17 Feb 2018 00:05
R***.,US,,,,1 piece,16 Feb 2018 11:59
L***.,US,,,,1 piece,15 Feb 2018 23:50
C***.,ES,,,,1 piece,13 Feb 2018 12:21
A***.,AU,,,,1 piece,12 Feb 2018 23:54
J***.,US,,,,2 pieces,10 Feb 2018 20:23
M***.,CL,,,,1 piece,08 Feb 2018 13:41
N***.,RU,,,,1 piece,08 Feb 2018 12:29
A***.,US,,,,1 piece,08 Feb 2018 08:54
D***.,DE,,,,1 piece,08 Feb 2018 00:34
L***.,RU,,,,1 piece,05 Feb 2018 10:55
N***.,CL,,,,1 piece,04 Feb 2018 19:03
J***.,AU,,,,1 piece,01 Feb 2018 02:24
J***.,AU,,,,1 piece,01 Feb 2018 01:50
C***.,CA,,,,1 piece,24 Jan 2018 06:29
B***.,AU,,,,1 piece,20 Jan 2018 14:15
K***.,AU,,,,1 piece,19 Jan 2018 12:06
H***.,AU,,,,1 piece,12 Jan 2018 05:29
T***.,US,,,,1 piece,12 Jan 2018 05:14
L***.,BR,,,,1 piece,01 Jan 2018 18:25
G***.,ES,,,,2 pieces,30 Dec 2017 11:15
M***.,AU,,,,1 piece,20 Dec 2017 21:40
W***.,NZ,,,,1 piece,20 Dec 2017 20:44
C***.,BE,,,,1 piece,18 Dec 2017 11:00
G***.,IT,,,,1 piece,14 Dec 2017 06:52
H***.,US,,,,1 piece,11 Dec 2017 13:26
A***.,RU,,,,1 piece,06 Dec 2017 13:22
O***.,TH,,,,5 pieces,04 Dec 2017 02:33
O***.,TH,,,,5 pieces,01 Dec 2017 09:37
L***.,IL,,,,1 piece,26 Nov 2017 05:42
B***.,RU,,,,1 piece,15 Nov 2017 08:39
B***.,TR,,,,1 piece,12 Nov 2017 16:05
I***.,RU,,,,1 piece,11 Nov 2017 07:19
R***.,AU,,,,10 pieces,09 Nov 2017 03:44
C***.,RO,,,,1 piece,27 Oct 2017 08:37
M***.,RO,,,,1 piece,23 Oct 2017 09:18
P***.,FR,,,,1 piece,08 Oct 2017 07:42
